{"cameraMode":{"drawMode":0,"name":"Shaded","section":"Shading Mode"},"sceneLighting":false,"audioPlay":false,"sceneViewState":{"showFog":true,"showMaterialUpdate":false,"showSkybox":false,"showFlares":true,"showImageEffects":true,"showParticleSystems":true},"in2DMode":false,"pivot":{"x":0.00000762939453125,"y":1.220192551612854,"z":-0.01131998747587204},"rotation":{"x":0.02619721181690693,"y":-0.7209911942481995,"z":0.02725832723081112,"w":0.692084550857544},"size":1.0529060363769532,"orthographic":false}