{"cameraMode":{"drawMode":0,"name":"Shaded","section":"Shading Mode"},"sceneLighting":true,"audioPlay":false,"sceneViewState":{"showFog":true,"showMaterialUpdate":false,"showSkybox":true,"showFlares":true,"showImageEffects":true,"showParticleSystems":true},"in2DMode":false,"pivot":{"x":-1.2379519939422608,"y":1.7496395111083985,"z":-3.9940760135650636},"rotation":{"x":-0.004492923151701689,"y":-0.05547112599015236,"z":-0.0002533958468120545,"w":0.9984553456306458},"size":4.313657760620117,"orthographic":false}