{"cameraMode":{"drawMode":0,"name":"Shaded","section":"Shading Mode"},"sceneLighting":true,"audioPlay":false,"sceneViewState":{"showFog":true,"showMaterialUpdate":false,"showSkybox":true,"showFlares":true,"showImageEffects":true,"showParticleSystems":true},"in2DMode":false,"pivot":{"x":-23.839677810668947,"y":-2.900512933731079,"z":-79.79051208496094},"rotation":{"x":0.02701476216316223,"y":-0.6988439559936523,"z":0.026449400931596757,"w":0.7144517302513123},"size":23.48788833618164,"orthographic":false}