{"cameraMode":{"drawMode":0,"name":"Shaded","section":"Shading Mode"},"sceneLighting":true,"audioPlay":false,"sceneViewState":{"showFog":true,"showMaterialUpdate":false,"showSkybox":true,"showFlares":true,"showImageEffects":true,"showParticleSystems":true},"in2DMode":false,"pivot":{"x":36.09788513183594,"y":3.2265522480010988,"z":-17.014156341552736},"rotation":{"x":-0.12325115501880646,"y":0.32365599274635317,"z":-0.04278259724378586,"w":-0.9373546242713928},"size":7.0128374099731449,"orthographic":false}