{"cameraMode":{"drawMode":0,"name":"Shaded","section":"Shading Mode"},"sceneLighting":true,"audioPlay":false,"sceneViewState":{"showFog":true,"showMaterialUpdate":false,"showSkybox":true,"showFlares":true,"showImageEffects":true,"showParticleSystems":true},"in2DMode":false,"pivot":{"x":-166.62887573242188,"y":-14.2105712890625,"z":-80.44160461425781},"rotation":{"x":0.0700497254729271,"y":-0.7099077701568604,"z":0.07230416685342789,"w":0.6974807381629944},"size":89.39286804199219,"orthographic":false}