{"cameraMode":{"drawMode":0,"name":"Shaded","section":"Shading Mode"},"sceneLighting":true,"audioPlay":false,"sceneViewState":{"showFog":true,"showMaterialUpdate":false,"showSkybox":true,"showFlares":true,"showImageEffects":true,"showParticleSystems":true},"in2DMode":false,"pivot":{"x":-29.15009307861328,"y":10.101690292358399,"z":924.1118774414063},"rotation":{"x":0.00137483945582062,"y":-0.993177056312561,"z":0.11012546718120575,"w":0.0608019195497036},"size":9.717974662780762,"orthographic":false}