{"cameraMode":{"drawMode":0,"name":"Shaded","section":"Shading Mode"},"sceneLighting":false,"audioPlay":false,"sceneViewState":{"showFog":true,"showMaterialUpdate":false,"showSkybox":false,"showFlares":true,"showImageEffects":true,"showParticleSystems":true},"in2DMode":false,"pivot":{"x":8.609533309936524,"y":6.306105613708496,"z":-10.536396026611329},"rotation":{"x":-0.056017279624938968,"y":0.6944907307624817,"z":-0.054632604122161868,"w":-0.7155210375785828},"size":10.852235794067383,"orthographic":false}