{"cameraMode":{"drawMode":0,"name":"Shaded","section":"Shading Mode"},"sceneLighting":false,"audioPlay":false,"sceneViewState":{"showFog":true,"showMaterialUpdate":false,"showSkybox":false,"showFlares":true,"showImageEffects":true,"showParticleSystems":true},"in2DMode":false,"pivot":{"x":0.6159147620201111,"y":0.5458806753158569,"z":-0.4805517792701721},"rotation":{"x":0.006747066974639893,"y":0.9873210787773132,"z":-0.15256205201148988,"w":0.043583210557699206},"size":3.7654221057891847,"orthographic":false}