{"cameraMode":{"drawMode":0,"name":"Shaded","section":"Shading Mode"},"sceneLighting":true,"audioPlay":false,"sceneViewState":{"showFog":true,"showMaterialUpdate":false,"showSkybox":true,"showFlares":true,"showImageEffects":true,"showParticleSystems":true},"in2DMode":false,"pivot":{"x":-60.35495376586914,"y":2.0369997024536135,"z":973.387939453125},"rotation":{"x":-0.05333990603685379,"y":0.7387315630912781,"z":-0.06740035861730576,"w":-0.6694969534873962},"size":23.849079132080079,"orthographic":false}