{"cameraMode":{"drawMode":0,"name":"Shaded","section":"Shading Mode"},"sceneLighting":true,"audioPlay":false,"sceneViewState":{"showFog":true,"showMaterialUpdate":false,"showSkybox":true,"showFlares":true,"showImageEffects":true,"showParticleSystems":true},"in2DMode":false,"pivot":{"x":-76.8401107788086,"y":-18.13098907470703,"z":927.051025390625},"rotation":{"x":-0.15579336881637574,"y":0.6873522400856018,"z":-0.16300523281097413,"w":-0.6920678019523621},"size":31.323110580444337,"orthographic":false}