{"cameraMode":{"drawMode":0,"name":"Shaded","section":"Shading Mode"},"sceneLighting":true,"audioPlay":false,"sceneViewState":{"showFog":true,"showMaterialUpdate":false,"showSkybox":true,"showFlares":true,"showImageEffects":true,"showParticleSystems":true},"in2DMode":false,"pivot":{"x":-370.53997802734377,"y":-83.24069213867188,"z":965.0206298828125},"rotation":{"x":0.06769143790006638,"y":-0.7223671078681946,"z":0.07710430026054383,"w":0.6853750348091126},"size":261.97412109375,"orthographic":false}